{"report": {"wl-scores": {"gen-sim-reco": 0.31605562579013907, "gen": 4.2372881355932206, "sim": 1.0405827263267431, "reco": 0.52083333333333326}, "wl-stats": {"throughput_score": {"count": 1, "max": 0.31605562579013907, "avg": 0.31605562579013907, "median": 0.31605562579013907, "min": 0.31605562579013907}}}, "run_info": {"events_per_thread": 10, "copies": 1, "threads_per_copy": 1}, "app": {"version": "v0.15", "description": "Belle-2 generation, simulation, and reconstruction of BBbar events based on release 05-01-05"}}