{"report": {"wl-scores": {"gen-sim-reco": 0.7983040281232362, "gen": 11.397543535627182, "sim": 2.635765938488821, "reco": 1.3016162223886982}, "wl-stats": {"gen-sim-reco": {"count": 4, "max": 0.20296326364927947, "avg": 0.19957600703080905, "median": 0.19928392021415275, "min": 0.1967729240456513}, "gen": {"count": 4, "max": 2.8985507246376812, "avg": 2.8493858839067956, "median": 2.8450020234722784, "min": 2.8089887640449436}, "sim": {"count": 4, "max": 0.66622251832111923, "avg": 0.65894148462220525, "median": 0.65854705281695347, "min": 0.65231572080887157}, "reco": {"count": 4, "max": 0.33211557622052462, "avg": 0.32540405559717456, "median": 0.32526068991024304, "min": 0.31897926634768747}}, "log": "ok"}, "run_info": {"events_per_thread": 10, "copies": 4, "threads_per_copy": 1}, "app": {"bmk_checksum": "862325c06297e768b92e2405d62868a7", "description": "belle2-gen-sim-reco-bmk", "cvmfs_checksum": "35ac0e4e8a7070aedf3e9e751e64fcca", "version": "v1.0", "containment": "docker", "bmkdata_checksum": "b277ed3c8c42df390e91f44e20a631f1"}}